Code,Omschrijving,Familienaam,Familie,Voorraad Begin,Commentaar,Cat. 1,Cat. 2,Cat. 3,"Prijs
Verlies of
kapot",,Invulsheet,,,,,
001,Kookpot dia 40cm H 37cm (N° 1),Kookmateriaal,1,1,,- € ,- € ,- € ,- € ,,,,Familie-naam,,Familie-index,
002,Kookpot dia 37cm H 36cm (N° 2),Kookmateriaal,1,5,,- € ,- € ,- € ,- € ,,Err:508,,,,,
003,Kookpot dia 40cm H 25cm (N° 3),Kookmateriaal,1,2,1 zonder deksel,- € ,- € ,- € ,- € ,,Err:508,,Kookmateriaal,FA 01,2,1
004,Kookpot dia 42cm H 21cm (N° 4),Kookmateriaal,1,2,,- € ,- € ,- € ,- € ,,Err:508,,Eetmateriaal,FA 02,3,2
005,Kookpot dia 40cm H 26cm (N° 5),Kookmateriaal,1,1,,- € ,- € ,- € ,- € ,,Err:508,,Klimmateriaal,FA 03,4,3
006,Kookpot dia 44cm H 37cm (N° 6),Kookmateriaal,1,1,,- € ,- € ,- € ,- € ,,Err:508,,Elektrischmateriaal,FA 04,5,4
007,Kookpot dia 36cm H 20cm (N° 7),Kookmateriaal,1,1,Zonder deksel,- € ,- € ,- € ,- € ,,Err:508,,Klank & Licht materiaal,FA 05,6,5
008,Kookpot dia 47cm H 43cm (N° 8),Kookmateriaal,1,1,,- € ,- € ,- € ,- € ,,Err:508,,Fluomateriaal,FA 06,7,6
009,Kookpot dia 45cm H 26cm (N° 9),Kookmateriaal,1,1,,- € ,- € ,- € ,- € ,,Err:508,,Kuismateriaal,FA 07,8,7
010,Kookpot dia 26cm H 15cm (N° 10),Kookmateriaal,1,2,,- € ,- € ,- € ,- € ,,Err:508,,Sportmateriaal,FA 08,9,8
011,Kookpot dia 26cm H 12cm (N° 11),Kookmateriaal,1,1,,- € ,- € ,- € ,- € ,,Err:508,,Kampeermateriaal,FA 09,10,9
012,Kookpot dia 29cm H 16cm (N° 12),Kookmateriaal,1,1,,- € ,- € ,- € ,- € ,,Err:508,,Gereedschap,FA 10,11,10
013,Kookpot dia 30cm H 19 cm (N° 13),Kookmateriaal,1,1,,- € ,- € ,- € ,- € ,,Err:508,,Bureelmateriaal,FA 11,12,11
014,Kookpot dia 29cm H 18 cm (N° 14),Kookmateriaal,1,2,Zonder deksel,- € ,- € ,- € ,- € ,,Err:508,,Paintball materiaal,FA 12,13,12
015,"Kookpot email dia 37cm H 14,5cm (N° 15)",Kookmateriaal,1,2,,- € ,- € ,- € ,- € ,,Err:508,,Zeepkist materiaal,FA 13,14,13
016,Kookpot email dia 35cm H 21cm (N° 16),Kookmateriaal,1,1,,- € ,- € ,- € ,- € ,,Err:508,,Shelter,FA 14,15,14
017,Kookpot email dia 28cm H 17cm (N° 17),Kookmateriaal,1,1,Zonder deksel,- € ,- € ,- € ,- € ,,Err:508,,Belletax,FA 15,16,15
018,Braadpan dia 27cm,Kookmateriaal,1,4,,- € ,- € ,- € ,- € ,,Err:508,,Allerlei,FA 16,17,16
019,Braadpan dia 28cm,Kookmateriaal,1,6,,- € ,- € ,- € ,- € ,,Err:508,,Drank,FA 17,18,17
020,Pannekoekenpan dia 24cm,Kookmateriaal,1,2,,- € ,- € ,- € ,- € ,,Err:508,,,,,
021,Braadpan dia 35cm,Kookmateriaal,1,1,,- € ,- € ,- € ,- € ,,Err:508,,,,,
022,Braadpan dia 39cm,Kookmateriaal,1,1,,- € ,- € ,- € ,- € ,,Err:508,,,,,
023,Wokpan dia 28cm,Kookmateriaal,1,1,,- € ,- € ,- € ,- € ,,Err:508,,,,,
024,Sauspan dia 22cm,Kookmateriaal,1,1,,- € ,- € ,- € ,- € ,,Err:508,,,,,
025,Sauspan dia 16cm,Kookmateriaal,1,2,,- € ,- € ,- € ,- € ,,Err:508,,,,,
026,Kookpot ovaal L 60cm B 45cm,Kookmateriaal,1,1,,- € ,- € ,- € ,- € ,,Err:508,,,,,
027,Passevite plastiek,Kookmateriaal,1,2,,- € ,- € ,- € ,- € ,,Err:508,,,,,
028,Bain Marie met handvat,Kookmateriaal,1,2,,- € ,- € ,- € ,- € ,,Err:508,,,,,
029,Bain Marie zonder handvat,Kookmateriaal,1,3,,- € ,- € ,- € ,- € ,,Err:508,,,,,
030,Mosselpot 2kg,Kookmateriaal,1,4,2 zonder deksel,- € ,- € ,- € ,- € ,,Err:508,,,,,
031,Vergiet groot dia 34cm,Kookmateriaal,1,1,,- € ,- € ,- € ,- € ,,Err:508,,,,,
032,Vergiet groot dia 40cm,Kookmateriaal,1,1,,- € ,- € ,- € ,- € ,,Err:508,,,,,
033,Vergiet groot dia 43cm,Kookmateriaal,1,1,,- € ,- € ,- € ,- € ,,Err:508,,,,,
100,Gasbekkens,Kampeermateriaal,9,6,Voor grote gasfles,- € ,- € ,2.50 € ,85.00 € ,,Err:508,,,,,
101,Maatbeker 1 liter,Kookmateriaal,1,2,,- € ,- € ,- € ,- € ,,Err:508,,,,,
102,Maatbeker 2 liter,Kookmateriaal,1,2,,- € ,- € ,- € ,- € ,,Err:508,,,,,
103,Drankdoseerdop (50 ml),Kookmateriaal,1,2,,- € ,- € ,- € ,- € ,,Err:508,,,,,
104,Drankdoseerdop (35 ml),Kookmateriaal,1,2,,- € ,- € ,- € ,- € ,,Err:508,,,,,
105,Hamburger bakplaat op gas,Kookmateriaal,1,1,Voor grote gasfles,- € ,- € ,- € ,- € ,,Err:508,,,,,
106,Plastiek potjes,Kookmateriaal,1,6,,- € ,- € ,- € ,- € ,,Err:508,,,,,
107,Gehakmolen,Kookmateriaal,1,1,,- € ,- € ,- € ,- € ,,Err:508,,,,,
108,Frituurpot voor gasvuur,Kookmateriaal,1,2,,- € ,- € ,- € ,- € ,,Err:508,,,,,
109,Frituur op electriciteit,Kookmateriaal,1,3,,- € ,- € ,- € ,- € ,,Err:508,,,,,
110,Warmhoudpot soep 10L,Kookmateriaal,1,4,,- € ,- € ,- € ,- € ,,Err:508,,,,,
111,Gluweinpot,Kookmateriaal,1,4,,- € ,,2.50 € ,- € ,,Err:508,,,,,
112,Koffieperculator 55 cups,Elektrischmateriaal,4,1,,- € ,,5.00 € ,- € ,,Err:508,,,,,
113,Koffieperculator 85 cups,Elektrischmateriaal,4,1,,- € ,,5.00 € ,- € ,,Err:508,,,,,
114,Koffieperculator 100 cups,Elektrischmateriaal,4,0,,- € ,,5.00 € ,- € ,,Err:508,,,,,
115,Warmhoudpot 10L,Kookmateriaal,1,5,,- € ,- € ,- € ,- € ,,Err:508,,,,,
116,Warmhoudpot 25L,Kookmateriaal,1,1,,- € ,- € ,- € ,- € ,,Err:508,,,,,
117,Microgolf,Kookmateriaal,1,1,,- € ,- € ,- € ,- € ,,Err:508,,,,,
118,Ruimtestraler op gas,Kampeermateriaal,9,2,Voor kleine gasfles,- € ,- € ,- € ,- € ,,Err:508,,,,,
200,BBQ Tangenset,Kookmateriaal,1,1,tang te kort,- € ,- € ,- € ,- € ,,Err:508,,,,,
201,Staafmixer vast,Kookmateriaal,1,1,,,,,,,Err:508,,,,,
202,Staafmixer en -klopper,Kookmateriaal,1,1,,- € ,1.00 € ,2.50 € ,- € ,,Err:508,,,,,
203,Professionele tafel blikopener,Kookmateriaal,1,1,,- € ,- € ,- € ,- € ,,Err:508,,,,,
204,Groot frituurschepnet,Kookmateriaal,1,4,,,,,,,Err:508,,,,,
205,Placemats,Kookmateriaal,1,4,,,,,,,Err:508,,,,,
206,Snijplank Groen,Kookmateriaal,1,2,,- € ,- € ,- € ,- € ,,Err:508,,,,,
207,Snijplank Geel,Kookmateriaal,1,2,,- € ,- € ,- € ,- € ,,Err:508,,,,,
208,Snijplank Rood,Kookmateriaal,1,2,,,,,,,Err:508,,,,,
209,Snijplank Bruin,Kookmateriaal,1,2,,,,,,,Err:508,,,,,
210,Snijplank Blauw,Kookmateriaal,1,1,,,,,,,Err:508,,,,,
211,PVC slakommen,Kookmateriaal,1,16,,,,,,,Err:508,,,,,
212,Aardappelstamper Groot,Kookmateriaal,1,1,,- € ,- € ,- € ,- € ,,Err:508,,,,,
213,Aardappelstamper klein,Kookmateriaal,1,2,,- € ,- € ,- € ,- € ,,Err:508,,,,,
214,Eisnijder,Kookmateriaal,1,1,,- € ,- € ,- € ,- € ,,Err:508,,,,,
215,Lookpers,Kookmateriaal,1,2,,- € ,- € ,- € ,- € ,,Err:508,,,,,
216,Sauslepel plat,Kookmateriaal,1,3,,- € ,- € ,- € ,- € ,,Err:508,,,,,
217,Klopper groot,Kookmateriaal,1,3,,- € ,- € ,- € ,- € ,,Err:508,,,,,
218,Sauslepel,Kookmateriaal,1,2,,,,,,,Err:508,,,,,
219,Pasta lepel,Kookmateriaal,1,2,,- € ,- € ,- € ,- € ,,Err:508,,,,,
220,Pollepel klein inox,Kookmateriaal,1,3,,- € ,- € ,- € ,- € ,,Err:508,,,,,
221,Pollepel klein tefal,Kookmateriaal,1,3,,,,,,,Err:508,,,,,
222,Vork tweetand,Kookmateriaal,1,5,,- € ,- € ,- € ,- € ,,Err:508,,,,,
223,Groentenrasp,Kookmateriaal,1,3,,- € ,- € ,- € ,- € ,,Err:508,,,,,
224,Schuimspaan klein,Kookmateriaal,1,6,,- € ,- € ,- € ,- € ,,Err:508,,,,,
225,Vleeskapmes,Kookmateriaal,1,4,,,,,,,Err:508,,,,,
226,Messen slijper,Kookmateriaal,1,1,,,,,,,Err:508,,,,,
227,Dunschillers,Kookmateriaal,1,3,,- € ,- € ,- € ,- € ,,Err:508,,,,,
228,Koksmes,Kookmateriaal,1,3,,- € ,- € ,- € ,- € ,,Err:508,,,,,
229,Steakmessen,Eetmateriaal,2,10,,- € ,1.00 € ,2.50 € ,- € ,,Err:508,,,,,
230,Aardappelmessen,Kookmateriaal,1,18,,- € ,- € ,- € ,- € ,,Err:508,,,,,
231,BBQ brochette stok,Kookmateriaal,1,2,,,,,,,Err:508,,,,,
232,Pizzasnijder,Kookmateriaal,1,1,,,,,,,Err:508,,,,,
233,Kurketrekker,Eetmateriaal,2,24,,- € ,- € ,- € ,- € ,,Err:508,,,,,
234,Blikopeners,Kookmateriaal,1,9,,,,,,,Err:508,,,,,
235,Kroonwipper,Eetmateriaal,2,38,,,,,,,Err:508,,,,,
236,Snijplank hout,Kookmateriaal,1,5,,,,,,,Err:508,,,,,
237,Houten lepel,Kookmateriaal,1,15,,- € ,- € ,- € ,- € ,,Err:508,,,,,
238,Houten spatel groot,Kookmateriaal,1,1,,- € ,- € ,- € ,- € ,,Err:508,,,,,
239,Houten spatel klein,Kookmateriaal,1,6,,,,,,,Err:508,,,,,
240,Houten knijptang,Kookmateriaal,1,3,,- € ,- € ,- € ,- € ,,Err:508,,,,,
241,Pottenlekkers,Kookmateriaal,1,8,,- € ,- € ,- € ,- € ,,Err:508,,,,,
242,Groententang,Kookmateriaal,1,7,,- € ,- € ,- € ,- € ,,Err:508,,,,,
243,Pannenkoekenspatel,Kookmateriaal,1,5,,- € ,- € ,- € ,- € ,,Err:508,,,,,
244,Panspatel,Kookmateriaal,1,5,,- € ,- € ,- € ,- € ,,Err:508,,,,,
245,"Pollepel 1,0L",Kookmateriaal,1,4,,,,,,,Err:508,,,,,
246,"Pollepel 0,10L",Kookmateriaal,1,1,,,,,,,Err:508,,,,,
247,"Pollepel 0,15L",Kookmateriaal,1,1,,- € ,- € ,- € ,- € ,,Err:508,,,,,
248,"Pollepel 0,5L",Kookmateriaal,1,3,,- € ,- € ,- € ,- € ,,Err:508,,,,,
249,"Pollepel 0,2L",Kookmateriaal,1,2,,- € ,- € ,- € ,- € ,,Err:508,,,,,
250,"Pollepel 0,25L",Kookmateriaal,1,3,,- € ,- € ,- € ,- € ,,Err:508,,,,,
251,Panspatel groot,Kookmateriaal,1,4,,,,,,,Err:508,,,,,
252,Schuimspaan n°10,Kookmateriaal,1,2,,- € ,- € ,- € ,- € ,,Err:508,,,,,
253,Schuimspaan n°14,Kookmateriaal,1,2,,- € ,- € ,- € ,- € ,,Err:508,,,,,
254,Schuimspaan n°16,Kookmateriaal,1,3,,- € ,- € ,- € ,- € ,,Err:508,,,,,
255,Plateau,Eetmateriaal,2,15,,,,,,,Err:508,,,,,
256,Koffiekan voor 12 kopjes,Eetmateriaal,2,8,,- € ,- € ,- € ,- € ,,Err:508,,,,,
257,Koffiekop,Eetmateriaal,2,108,,- € ,- € ,- € ,- € ,,Err:508,,,,,
258,Onderbord voor koffiekopje,Eetmateriaal,2,259,,- € ,- € ,- € ,- € ,,Err:508,,,,,
259,Platte borden,Eetmateriaal,2,87,,- € ,- € ,- € ,- € ,,Err:508,,,,,
260,Koffie mok,Eetmateriaal,2,20,,,,,,,Err:508,,,,,
261,Soepborden,Eetmateriaal,2,126,,- € ,- € ,- € ,- € ,,Err:508,,,,,
262,Melk kan,Eetmateriaal,2,9,,,,,,,Err:508,,,,,
263,Koffielepel,Eetmateriaal,2,53,,- € ,- € ,- € ,- € ,,Err:508,,,,,
264,Lepel,Eetmateriaal,2,83,,- € ,- € ,- € ,- € ,,Err:508,,,,,
265,Mes,Eetmateriaal,2,44,,- € ,- € ,- € ,- € ,,Err:508,,,,,
266,Vork,Eetmateriaal,2,95,,- € ,- € ,- € ,- € ,,Err:508,,,,,
267,Soepkommen,Eetmateriaal,2,23,,,,,,,Err:508,,,,,
268,Saus potjes (3 soorten),Eetmateriaal,2,0,enkel voor jeugdraadwerkgroepen,,,,,,Err:508,,,,,
269,Rietjes,Eetmateriaal,2,0,enkel voor jeugdraadwerkgroepen,,,,,,Err:508,,,,,
270,Frietbakken (karton),Eetmateriaal,2,0,enkel voor jeugdraadwerkgroepen,,,,,,Err:508,,,,,
271,Frikadelbakken (plastiek),Eetmateriaal,2,0,enkel voor jeugdraadwerkgroepen,,,,,,Err:508,,,,,
272,Stoofvleesbakken (plastiek),Eetmateriaal,2,0,enkel voor jeugdraadwerkgroepen,,,,,,Err:508,,,,,
273,Pastaborden (isomo),Eetmateriaal,2,0,enkel voor jeugdraadwerkgroepen,,,,,,Err:508,,,,,
274,Roerstaafjes,Eetmateriaal,2,0,enkel voor jeugdraadwerkgroepen,,,,,,Err:508,,,,,
275,Bestek (plastiek),Eetmateriaal,2,0,enkel voor jeugdraadwerkgroepen,,,,,,Err:508,,,,,
276,Kartonnen borden,Eetmateriaal,2,0,enkel voor jeugdraadwerkgroepen,,,,,,Err:508,,,,,
277,Servetten,Eetmateriaal,2,300,enkel voor jeugdraadwerkgroepen,,,,,,Err:508,,,,,
300,Klimgordel half harnas,Klimmateriaal,3,13,,- € ,1.00 € ,2.50 € ,- € ,,Err:508,,,,,
301,Klimgordel vol harnas,Klimmateriaal,3,13,,- € ,1.00 € ,2.50 € ,- € ,,Err:508,,,,,
302,Plunger zakken,Klimmateriaal,3,2,,,,,,,Err:508,,,,,
303,Klettersteiger,Klimmateriaal,3,10,,- € ,1.00 € ,2.50 € ,- € ,,Err:508,,,,,
304,Werpkoord,Klimmateriaal,3,1,,- € ,- € ,- € ,- € ,,Err:508,,,,,
305,Klimtouw klein assortiment,Klimmateriaal,3,23,,,,,,,Err:508,,,,,
306,Achtring,Klimmateriaal,3,23,,- € ,- € ,- € ,- € ,,Err:508,,,,,
307,Musceton HMS,Klimmateriaal,3,20,,- € ,- € ,- € ,- € ,,Err:508,,,,,
308,Musceton OK Staal,Klimmateriaal,3,14,,- € ,- € ,- € ,- € ,,Err:508,,,,,
309,Musceton OK Aluminium,Klimmateriaal,3,28,,- € ,- € ,- € ,- € ,,Err:508,,,,,
310,Katrol beveiliging enkel,Klimmateriaal,3,5,,- € ,- € ,- € ,- € ,,Err:508,,,,,
311,Katrol beveiliging dubbel,Klimmateriaal,3,3,,- € ,- € ,- € ,- € ,,Err:508,,,,,
312,Tamtam P16 (Hamer),Klimmateriaal,3,1,,- € ,- € ,- € ,- € ,,Err:508,,,,,
313,Boorhandvat + adapter,Klimmateriaal,3,1,,- € ,- € ,- € ,- € ,,Err:508,,,,,
314,Halfrond (verankering),Klimmateriaal,3,10,,- € ,- € ,- € ,- € ,,Err:508,,,,,
315,Coudee P04 (verankering),Klimmateriaal,3,14,,- € ,- € ,- € ,- € ,,Err:508,,,,,
316,Vrilee P13 (verankering),Klimmateriaal,3,20,,- € ,- € ,- € ,- € ,,Err:508,,,,,
317,Bandlussen,Klimmateriaal,3,7,,- € ,- € ,- € ,- € ,,Err:508,,,,,
318,Cordelet met musceton,Klimmateriaal,3,3,,- € ,- € ,- € ,- € ,,Err:508,,,,,
319,Croll,Klimmateriaal,3,13,,- € ,- € ,- € ,- € ,,Err:508,,,,,
320,Gri-Gri,Klimmateriaal,3,4,,- € ,- € ,- € ,- € ,,Err:508,,,,,
321,Stops,Klimmateriaal,3,3,,- € ,- € ,- € ,- € ,,Err:508,,,,,
322,Apen,Klimmateriaal,3,13,,- € ,- € ,- € ,- € ,,Err:508,,,,,
323,Cordelet,Klimmateriaal,3,6,,- € ,- € ,- € ,- € ,,Err:508,,,,,
324,Helm,Klimmateriaal,3,19,,- € ,- € ,- € ,- € ,,Err:508,,,,,
325,Speleoladder 5m,Klimmateriaal,3,1,,- € ,- € ,- € ,- € ,,Err:508,,,,,
326,Speleoladder 10m,Klimmateriaal,3,2,,,,,,,Err:508,,,,,
327,Klimtouw semi-statisch 100m,Klimmateriaal,3,2,,- € ,1.00 € ,2.50 € ,- € ,,Err:508,,,,,
328,Klimtouw semi-statisch 50m,Klimmateriaal,3,3,,- € ,1.00 € ,2.50 € ,- € ,,Err:508,,,,,
329,Klimtouw statisch 100m,Klimmateriaal,3,1,,- € ,1.00 € ,2.50 € ,- € ,,Err:508,,,,,
330,Klimtouw statisch 50m,Klimmateriaal,3,7,,- € ,1.00 € ,2.50 € ,- € ,,Err:508,,,,,
331,Klimnet,Klimmateriaal,3,1,,,,,,,Err:508,,,,,
332,Oranje touw lussen,Klimmateriaal,3,43,,,,,,,Err:508,,,,,
333,Sjortouw (bol),Allerlei,16,1,enkel voor jeugdraadwerkgroepen,,,,,,Err:508,,,,,
334,Plooischop,Gereedschap,10,7,,- € ,- € ,- € ,- € ,,Err:508,,,,,
335,Sjortouw (restjes),Allerlei,16,1,enkel voor jeugdraadwerkgroepen,,,,,,Err:508,,,,,
336,"Touwladder 1,9m",Klimmateriaal,3,1,,,,,,,Err:508,,,,,
337,Bijl,Gereedschap,10,5,,- € ,- € ,- € ,- € ,,Err:508,,,,,
338,Moker,Gereedschap,10,4,,,,,,,Err:508,,,,,
339,Commandotouw dun (20 m),Klimmateriaal,3,1,,,,,,,Err:508,,,,,
340,Kleine Boogzaag,Gereedschap,10,2,,- € ,- € ,- € ,- € ,,Err:508,,,,,
341,Grote Boogzaag,Gereedschap,10,2,,- € ,- € ,- € ,- € ,,Err:508,,,,,
342,Handtakel 4 ton,Klimmateriaal,3,7,,- € ,- € ,- € ,- € ,,Err:508,,,,,
343,Voorhamer,Sportmateriaal,8,2,,,,,,,Err:508,,,,,
344,Grondboor dia 8cm,Gereedschap,10,1,,- € ,- € ,- € ,- € ,,Err:508,,,,,
345,Statief Thalassalichten,Elektrischmateriaal,4,2,,,,,,,Err:508,,,,,
346,Paintball - CO2 fles,Paintball materiaal,12,2,,,,,,,,,,,,
400,Verlengsnoer 25m op rol,Elektrischmateriaal,4,3,,- € ,- € ,- € ,- € ,,Err:508,,,,,
401,Losse verlengkabels 3m,Elektrischmateriaal,4,13,,- € ,- € ,- € ,- € ,,Err:508,,,,,
402,Verlengsnoer 10m op rol,Elektrischmateriaal,4,2,,,,,,,Err:508,,,,,
403,Losse verlengkabels 5m,Elektrischmateriaal,4,2,,- € ,- € ,- € ,- € ,,Err:508,,,,,
404,losse verlengkabels 7m,Elektrischmateriaal,4,2,,,,,,,Err:508,,,,,
405,Dominostekker,Elektrischmateriaal,4,17,,- € ,- € ,- € ,- € ,,Err:508,,,,,
406,Losse verlengkabels 10m,Elektrischmateriaal,4,4,,- € ,- € ,- € ,- € ,,Err:508,,,,,
407,Losse verlengkabel 15m,Elektrischmateriaal,4,1,,,,,,,,,,,,
408,Walkie Talkies - bereik 1km,Allerlei,16,9,,- € ,1.00 € ,2.50 € ,- € ,,Err:508,,,,,
409,Garmin Handheld GPS,Sportmateriaal,8,8,,,,,,,Err:508,,,,,
410,"Blacklight (1,2 m)",Elektrischmateriaal,4,3,,- € ,1.00 € ,2.50 € ,- € ,,Err:508,,,,,
411,Blacklight (60 cm),Elektrischmateriaal,4,1,,- € ,1.00 € ,2.50 € ,- € ,,Err:508,,,,,
412,Paintball - masker,Paintball materiaal,12,20,,- € ,- € ,- € ,- € ,,Err:508,,,,,
413,Paintball - hopper,Paintball materiaal,12,27,,- € ,- € ,- € ,- € ,,Err:508,,,,,
414,Paintball - gasfles,Paintball materiaal,12,35,,- € ,- € ,- € ,- € ,,Err:508,,,,,
415,Paintball - Overall rood,Paintball materiaal,12,18,,- € ,- € ,- € ,- € ,,Err:508,,,,,
416,Paintball - Overall groen,Paintball materiaal,12,17,,- € ,- € ,- € ,- € ,,Err:508,,,,,
417,Paintball - geweer,Paintball materiaal,12,25,,- € ,- € ,- € ,- € ,,Err:508,,,,,
418,Paintball - koffer,Paintball materiaal,12,1,,- € ,- € ,- € ,- € ,,Err:508,,,,,
419,Paintball - Keukenrol,Paintball materiaal,12,3,,- € ,- € ,- € ,- € ,,Err:508,,,,,
420,Paintball - Duvel maatbeker,Paintball materiaal,12,2,,- € ,- € ,- € ,- € ,,Err:508,,,,,
421,Paintball - instanet,Paintball materiaal,12,2,,- € ,- € ,- € ,- € ,,Err:508,,,,,
422,Paintball - balletjes,Paintball materiaal,12,158000,,- € ,- € ,- € ,- € ,,Err:508,,,,,
423,Halogeenlamp op voetstatief,Elektrischmateriaal,4,1,,- € ,- € ,- € ,- € ,,Err:508,,,,,
424,Paintball - bakken hoog,Paintball materiaal,12,2,,,,,,,Err:508,,,,,
425,Paintball - bakken laag,Paintball materiaal,12,1,,,,,,,Err:508,,,,,
426,Paintball - bakken blauw,Paintball materiaal,12,1,,,,,,,Err:508,,,,,
427,Blacklight (phare),Elektrischmateriaal,4,3,,,,,,,,,,,,
428,Halogeenlamp op voet (grondlamp),Elektrischmateriaal,4,6,,,,,,,,,,,,
500,Versterker,Klank & Licht materiaal,5,1,,- € ,- € ,- € ,300.00 € ,,Err:508,,,,,
501,PA Tafel,Klank & Licht materiaal,5,1,,- € ,- € ,- € ,650.00 € ,,Err:508,,,,,
502,Boxen (600 Watt),Klank & Licht materiaal,5,2,,- € ,- € ,- € ,140.00 € ,,Err:508,,,,,
503,Boxen (150 Watt),Klank & Licht materiaal,5,2,,- € ,- € ,- € ,50.00 € ,,Err:508,,,,,
504,Draadloze microfoon (set van 2),Klank & Licht materiaal,5,2,,- € ,- € ,- € ,80.00 € ,,Err:508,,,,,
505,DJ paneel (mini),Klank & Licht materiaal,5,1,,- € ,- € ,- € ,100.00 € ,,Err:508,,,,,
506,Logo projector,Klank & Licht materiaal,5,1,,- € ,- € ,- € ,100.00 € ,,Err:508,,,,,
507,Microfoon ,Klank & Licht materiaal,5,3,,- € ,- € ,- € ,50.00 € ,,Err:508,,,,,
508,XLR kabels,Klank & Licht materiaal,5,18,,- € ,- € ,- € ,10.00 € ,,Err:508,,,,,
509,Box kabels,Klank & Licht materiaal,5,10,,- € ,- € ,- € ,10.00 € ,,Err:508,,,,,
510,Box statief,Klank & Licht materiaal,5,3,,- € ,- € ,- € ,40.00 € ,,Err:508,,,,,
511,Microfoon statief,Klank & Licht materiaal,5,3,,- € ,- € ,- € ,30.00 € ,,Err:508,,,,,
512,Stroom kabel,Klank & Licht materiaal,5,12,,- € ,- € ,- € ,- € ,,Err:508,,,,,
513,Spot par,Klank & Licht materiaal,5,4,,- € ,- € ,- € ,- € ,,Err:508,,,,,
514,Lightgevende discobol,Klank & Licht materiaal,5,1,,- € ,- € ,- € ,- € ,,Err:508,,,,,
515,Topkasten (300 Watt),Klank & Licht materiaal,5,2,,- € ,- € ,- € ,- € ,,Err:508,,,,,
516,Dynamo party scan,Klank & Licht materiaal,5,2,,- € ,- € ,- € ,- € ,,Err:508,,,,,
517,CD speler,Klank & Licht materiaal,5,2,,- € ,- € ,- € ,- € ,,Err:508,,,,,
518,Dubbele CD speler,Klank & Licht materiaal,5,1,,- € ,- € ,- € ,- € ,,Err:508,,,,,
519,Quinche kabels (quinche - quinche),Klank & Licht materiaal,5,4,,- € ,- € ,- € ,- € ,,Err:508,,,,,
520,Quinche kabels (quinche - mini jack),Klank & Licht materiaal,5,2,,- € ,- € ,- € ,- € ,,Err:508,,,,,
521,Quinche kabels (quinche - xlr man),Klank & Licht materiaal,5,2,,- € ,- € ,- € ,- € ,,Err:508,,,,,
522,Quinche kabels (quinche - dub jack),Klank & Licht materiaal,5,1,,- € ,- € ,- € ,- € ,,Err:508,,,,,
523,Mini Jack nr Dubbele Jack,Klank & Licht materiaal,5,1,,,,,,,,,,,,
524,Box koppelstukken,Klank & Licht materiaal,5,2,,,,,,,,,,,,
526,Mini Spot,Klank & Licht materiaal,5,3,,,,,,,,,,,,
527,Spot par LED,Klank & Licht materiaal,5,5,,,,,,,,,,,,
528,Mini jack nr mini jack,Klank & Licht materiaal,5,3,,,,,,,,,,,,
529,Verlengkabel mini jack,Klank & Licht materiaal,5,1,,,,,,,,,,,,
530,Rookmachine,Klank & Licht materiaal,5,1,,,,,,,,,,,,
531,Vloeistof rookmachine 5L,Klank & Licht materiaal,5,1,,,,,,,,,,,,
600,Jetons,Allerlei,16,10000,enkel voor jeugdraadwerkgroepen,- € ,- € ,- € ,- € ,,Err:508,,,,,
601,Fluo-jas (Volwassen),Fluomateriaal,6,62,,- € ,- € ,- € ,- € ,,Err:508,,,,,
602,Fluo-jas (XS),Fluomateriaal,6,121,,- € ,- € ,- € ,,,Err:508,,,,,
603,Fluo-armband,Fluomateriaal,6,90,,- € ,- € ,- € ,- € ,,Err:508,,,,,
604,Toorts met rode kap ,Fluomateriaal,6,5,,- € ,- € ,- € ,- € ,,Err:508,,,,,
605,Fietslicht met velcrosluiting,Fluomateriaal,6,38,,- € ,- € ,- € ,- € ,,Err:508,,,,,
606,Seinplaat C4,Fluomateriaal,6,7,,- € ,- € ,- € ,- € ,,Err:508,,,,,
607,Geldkoffer (met euro vakken),Bureelmateriaal,11,6,,- € ,- € ,2.50 € ,- € ,,Err:508,,,,,
608,Geldkoffer,Bureelmateriaal,11,2,,- € ,- € ,- € ,- € ,,Err:508,,,,,
609,Geldkoffer (oud),Bureelmateriaal,11,7,,- € ,- € ,- € ,- € ,,Err:508,,,,,
610,Administratieve koffer ,Bureelmateriaal,11,3,enkel voor jeugdraadwerkgroepen,- € ,- € ,- € ,- € ,,Err:508,,,,,
611,Geld biljetten scanner,Bureelmateriaal,11,1,,- € ,- € ,- € ,,,Err:508,,,,,
612,Vlaggen jeugdraad,Allerlei,16,16,enkel voor jeugdraadwerkgroepen,- € ,- € ,- € ,- € ,,Err:508,,,,,
613,Spandoek Jeugdraad,Allerlei,16,3,enkel voor jeugdraadwerkgroepen,- € ,- € ,- € ,- € ,,Err:508,,,,,
614,Oordoppen,Allerlei,16,4750,, €0.15 , €0.15 , €0.15 ,0.15 € ,,Err:508,,,,,
615,Toegangsbandjes,Bureelmateriaal,11,10000,enkel voor jeugdraadwerkgroepen,- € ,- € ,- € ,420.00 € ,,Err:508,,,,,
616,Rubberen matten,Allerlei,16,3,,,,,,,Err:508,,,,,
617,Aperitieftafelhoes,Allerlei,16,10,1 onderste hoes te kort,,,,,,Err:508,,,,,
618,Tangen voor toegangsbandjes,Allerlei,16,2,,,,,,,Err:508,,,,,
619,Banner - Alcohol +16,Allerlei,16,1,,- € ,- € ,- € ,- € ,,Err:508,,,,,
620,Toegangsbandjes guest & artist,Allerlei,16,4000,enkel voor jeugdraadwerkgroepen,,,,,,,,,,,
621,Witte Wijn,Drank,17,0,,,,,,,,,,,,
622,Rosé Wijn,Drank,17,0,,,,,,,,,,,,
623,Mojito,Drank,17,0,,,,,,,,,,,,
624,Vodka Wit,Drank,17,0,,,,,,,,,,,,
625,Vodka Rood,Drank,17,0,,,,,,,,,,,,
626,Cola,Drank,17,0,,,,,,,,,,,,
627,Cola Zero,Drank,17,0,,,,,,,,,,,,
628,Cola Light,Drank,17,0,,,,,,,,,,,,
629,Fanta,Drank,17,0,,,,,,,,,,,,
630,Water plat,Drank,17,0,,,,,,,,,,,,
631,Water bruis,Drank,17,0,,,,,,,,,,,,
632,Bier,Drank,17,0,,,,,,,,,,,,
633,Fruitsap,Drank,17,10,,,,,,,,,,,,
700,Snelbinder small (per 100),Gereedschap,10,74,enkel voor jeugdraadwerkgroepen,- € ,- € ,- € ,- € ,,Err:508,,,,,
701,Snelbinder breed (per 100),Gereedschap,10,40,,,,,,,,,,,,
702,Zeepkist - meetinstallatie bakken,Zeepkist materiaal,13,3,,,,,,,Err:508,,,,,
703,Zeepkist - meetkoffer,Zeepkist materiaal,13,1,,,,,,,Err:508,,,,,
704,Zeepkist - zwaailicht,Zeepkist materiaal,13,3,,,,,,,Err:508,,,,,
705,Zeepkist - UTP kabel,Zeepkist materiaal,13,1,,,,,,,Err:508,,,,,
706,Zeepkist - aansluitsnoeren,Zeepkist materiaal,13,3,,,,,,,Err:508,,,,,
707,Zeepkist - blauwe kabel op rol,Zeepkist materiaal,13,1,,,,,,,Err:508,,,,,
708,Dweil,Kuismateriaal,7,4,,,,,,,Err:508,,,,,
709,schuurspons metaal,Kuismateriaal,7,1,,,,,,,Err:508,,,,,
710,Spons,Kuismateriaal,7,7,,,,,,,Err:508,,,,,
711,Vochtige doekjes,Kuismateriaal,7,2,,,,,,,Err:508,,,,,
712,Trekker hand,Kuismateriaal,7,1,,,,,,,Err:508,,,,,
713,Schotelvod,Kuismateriaal,7,3,,,,,,,Err:508,,,,,
714,Luchtverfrisser,Kuismateriaal,7,1,,,,,,,Err:508,,,,,
715,Insectenspray,Kuismateriaal,7,1,,,,,,,Err:508,,,,,
716,afwasmiddel,Kuismateriaal,7,2,,,,,,,Err:508,,,,,
717,vloeibare zeep,Kuismateriaal,7,4,,,,,,,Err:508,,,,,
718,wasknijpers,Kuismateriaal,7,72,,,,,,,Err:508,,,,,
719,Trekker (zonder steel),Kuismateriaal,7,3,,,,,,,Err:508,,,,,
720,schuurborstel (zonder steel),Kuismateriaal,7,2,,,,,,,Err:508,,,,,
721,Borstel (zonder steel),Kuismateriaal,7,4,,,,,,,Err:508,,,,,
722,Handveger,Kuismateriaal,7,1,,,,,,,Err:508,,,,,
723,Plak emmer,Kuismateriaal,7,2,,,,,,,Err:508,,,,,
724,Plak borstel,Kuismateriaal,7,6,,,,,,,Err:508,,,,,
725,Emmer,Kuismateriaal,7,12,,,,,,,Err:508,,,,,
726,Papier op rol,Kuismateriaal,7,2,,,,,,,Err:508,,,,,
727,WC papier,Kuismateriaal,7,26,enkel voor jeugdraadwerkgroepen,,,,,,Err:508,,,,,
728,Keukenpapier,Kuismateriaal,7,7,enkel voor jeugdraadwerkgroepen,,,,,,Err:508,,,,,
729,Schminck - Rood,Allerlei,16,1,,,,,,,Err:508,,,,,
730,Schminck - Blauw,Allerlei,16,1,,,,,,,Err:508,,,,,
731,Schminck - Wit,Allerlei,16,1,,,,,,,Err:508,,,,,
732,Wattenschijfjes,Allerlei,16,1,,,,,,,Err:508,,,,,
733,Wattenbolletjes,Allerlei,16,200,,,,,,,Err:508,,,,,
734,Haarlak,Allerlei,16,1,,,,,,,Err:508,,,,,
735,Staalkabel met lussen (klein),Klimmateriaal,3,10,,,,,,,Err:508,,,,,
736,Staalkabel met lussen (groot),Klimmateriaal,3,2,,,,,,,Err:508,,,,,
737,Perfax,Allerlei,16,1,,,,,,,Err:508,,,,,
738,Vlieggemepper,Allerlei,16,1,,,,,,,,,,,,
739,Schminck - Geel,Allerlei,16,1,,,,,,,,,,,,
740,Schminck - Groen,Allerlei,16,1,,,,,,,,,,,,
800,Parachute,Sportmateriaal,8,1,,- € ,1.00 € ,2.50 € ,- € ,,Err:508,,,,,
801,Verkeerskegels H 50cm,Allerlei,16,3,,,,,,,Err:508,,,,,
802,Verkeerskegels H 22cm,Allerlei,16,4,,,,,,,Err:508,,,,,
803,Verkeerskegels H 32cm,Allerlei,16,9,,,,,,,Err:508,,,,,
804,Belletax - Borden,Belletax,15,17,,,,,,,Err:508,,,,,
805,Voetpomp,Allerlei,16,1,,- € ,- € ,- € ,- € ,,Err:508,,,,,
806,Fietspomp,Allerlei,16,4,,,,,,,Err:508,,,,,
807,Discus,Sportmateriaal,8,1,,- € ,- € ,- € ,- € ,,Err:508,,,,,
808,Balpomp,Sportmateriaal,8,0,,,,,,,Err:508,,,,,
809,Frisbee,Sportmateriaal,8,3,,- € ,- € ,- € ,- € ,,Err:508,,,,,
810,knikkers,Sportmateriaal,8,16,,,,,,,Err:508,,,,,
811,Badmintonracket,Sportmateriaal,8,26,,- € ,- € ,- € ,- € ,,Err:508,,,,,
812,Badmintonpluim,Sportmateriaal,8,14,,- € ,- € ,- € ,- € ,,Err:508,,,,,
813,Beach balplank,Sportmateriaal,8,32,,- € ,- € ,- € ,- € ,,Err:508,,,,,
814,Beachbalbal,Sportmateriaal,8,8,,- € ,- € ,- € ,- € ,,Err:508,,,,,
815,Jute zakken,Sportmateriaal,8,36,,- € ,- € ,- € ,- € ,,Err:508,,,,,
816,Rood-wit lint,Sportmateriaal,8,16,,- € ,- € ,- € ,- € ,,Err:508,,,,,
817,Toeter (handmatig),Sportmateriaal,8,2,,,,,,,Err:508,,,,,
818,Toeter (fles),Sportmateriaal,8,9,,,,,,,Err:508,,,,,
819,Tennisbal,Sportmateriaal,8,25,,- € ,- € ,- € ,- € ,,Err:508,,,,,
820,Golfbal,Sportmateriaal,8,2,,,,,,,Err:508,,,,,
821,Mousse bal,Sportmateriaal,8,3,,,,,,,Err:508,,,,,
822,Baseballbal,Sportmateriaal,8,1,,- € ,- € ,- € ,- € ,,Err:508,,,,,
823,Baseballbat,Sportmateriaal,8,1,,- € ,- € ,- € ,- € ,,Err:508,,,,,
824,Baseballhandschoen,Sportmateriaal,8,1,,- € ,- € ,- € ,- € ,,Err:508,,,,,
825,Petanque (set van 8 ballen),Sportmateriaal,8,4,,- € ,- € ,- € ,- € ,,Err:508,,,,,
826,Fiets binnenband,Sportmateriaal,8,64,,,,,,,Err:508,,,,,
827,PingPong pallet,Sportmateriaal,8,10,,,,,,,Err:508,,,,,
828,Finish vlag,Sportmateriaal,8,1,,- € ,- € ,- € ,- € ,,Err:508,,,,,
829,PingPong Bal,Sportmateriaal,8,41,,,,,,,Err:508,,,,,
830,Springbal,Sportmateriaal,8,1,,,,,,,Err:508,,,,,
831,PingPong Net,Sportmateriaal,8,1,,,,,,,Err:508,,,,,
832,Boxhandschoenen,Sportmateriaal,8,2,,,,,,,Err:508,,,,,
833,Legernetten,Kampeermateriaal,9,14,,- € ,- € ,- € ,- € ,,Err:508,,,,,
834,Belletax - truitjes,Sportmateriaal,8,19,,,,,,,Err:508,,,,,
835,Boxhandschoenen (XXL),Sportmateriaal,8,6,,,,,,,Err:508,,,,,
836,Stoepkrijt (doos),Sportmateriaal,8,5,,,,,,,Err:508,,,,,
837,Stopwatch,Sportmateriaal,8,7,,,,,,,Err:508,,,,,
838,Vogelpiek (set),Sportmateriaal,8,4,,- € ,- € ,- € ,- € ,,Err:508,,,,,
839,Reiswekker,Sportmateriaal,8,3,,,,,,,Err:508,,,,,
840,Rolmeter L 30m,Sportmateriaal,8,1,,- € ,- € ,- € ,- € ,,Err:508,,,,,
841,Rolmeter L60m,Sportmateriaal,8,1,,,,,,,Err:508,,,,,
842,Pedalo,Sportmateriaal,8,4,,,,,,,Err:508,,,,,
843,Hockeystick (Geel),Sportmateriaal,8,28,,- € ,- € ,- € ,- € ,,Err:508,,,,,
844,Hockeystick (Rood),Sportmateriaal,8,33,,,,,,,Err:508,,,,,
845,Belletax - karnummers,Belletax,15,42,,,,,,,Err:508,,,,,
846,Gasvuurtjes,Kampeermateriaal,9,3,,,,,,,Err:508,,,,,
847,Gas voor gasvuurtjes,Kampeermateriaal,9,4,,,,,,,Err:508,,,,,
848,Brandvloeistof,Kampeermateriaal,9,2,,,,,,,Err:508,,,,,
849,Tuinslang met gardena koppeling,Allerlei,16,3,,,,,,,Err:508,,,,,
850,Tuinslang,Allerlei,16,3,,,,,,,Err:508,,,,,
851,Tuinslang koppeling 3-weg,Allerlei,16,1,,,,,,,Err:508,,,,,
852,Tuinslang koppeling 2-weg,Allerlei,16,2,,,,,,,Err:508,,,,,
853,Tuinslang spuitkop,Allerlei,16,4,,,,,,,Err:508,,,,,
854,Tuinslang koppeling vrouwtje,Allerlei,16,5,,,,,,,Err:508,,,,,
855,Tuinslang koppeling mannetje,Allerlei,16,3,,,,,,,Err:508,,,,,
856,Groene lus 2T (5m),Allerlei,16,3,,,,,,,,,,,,
857,Groene lus 2T (3m),Allerlei,16,5,,,,,,,,,,,,
858,Groene lus 2T (1.5m),Allerlei,16,2,,,,,,,,,,,,
859,Paarse lus 1T,Allerlei,16,6,,,,,,,,,,,,
860,Infoborden Nooduitgang,Allerlei,16,3,,- € ,- € ,- € ,- € ,,Err:508,,,,,
861,Infoborden WC,Allerlei,16,1,,- € ,- € ,- € ,- € ,,Err:508,,,,,
862,Infoborden Uitgang,Allerlei,16,2,,- € ,- € ,- € ,- € ,,Err:508,,,,,
863,Infoborden Ingang,Allerlei,16,1,,,,,,,Err:508,,,,,
864,Infoborden bonnetjes,Allerlei,16,2,,- € ,- € ,- € ,- € ,,Err:508,,,,,
900,Houten wegwijzers,Allerlei,16,67,,- € ,- € ,- € ,- € ,,Err:508,,,,,
901,Reclame bordjes,Allerlei,16,12,,,,,,,Err:508,,,,,
902,Wegwijzers LBF,Allerlei,16,50,,,,,,,,,,,,
903,Wegwijzers SF,Allerlei,16,18,,,,,,,,,,,,
904,Vlaggen LBF,Allerlei,16,6,,,,,,,,,,,,
905,Banner - Nooduitgang ,Allerlei,16,4,,,,,,,,,,,,
906,Banner - Speechless Festival - Logo,Allerlei,16,5,,,,,,,,,,,,
907,Banner - Lollipop Beach Festival - Logo,Allerlei,16,5,,,,,,,,,,,,
908,Banner - Speechless Festival - Stagebanner,Allerlei,16,2,,,,,,,,,,,,
909,Banner - Lollipop Beach Festival - Stage overkapping + Logo,Allerlei,16,1,,,,,,,,,,,,
910,Banner - Lollipop Beach Festival - Stage zwart,Allerlei,16,12,,,,,,,,,,,,
911,Banner - Lollipop Beach Festival - Stage blauw,Allerlei,16,12,,,,,,,,,,,,
912,Banner - Lollipop Beach Festival - Stage rood,Allerlei,16,20,,,,,,,,,,,,
913,Banner - Lollipop Beach Festival - Stage rood met logo,Allerlei,16,4,,,,,,,,,,,,
914,Banner - Crew & Artist banner,Allerlei,16,1,,,,,,,,,,,,
915,Banner - Thank you banner,Allerlei,16,1,,,,,,,,,,,,
916,Banner - Kleine banners SF,Allerlei,16,8,,,,,,,,,,,,
917,Banner - Kleine banners LBF,Allerlei,16,10,,,,,,,,,,,,
918,Banner - Ronde banner JIM,Allerlei,16,1,,,,,,,,,,,,
919,Banner - Lange banner JIM,Allerlei,16,1,,,,,,,,,,,,
920,Banner - kerstboomverbranding,Allerlei,16,1,,,,,,,,,,,,
999,Betaling waarborg 125€,Allerlei,16,1,,- € ,125.00 € ,125.00 € ,125.00 € ,,Err:508,,,,,
1000,Balpennen,Bureelmateriaal,11,1000,enkel voor jeugdraadwerkgroepen,,,,,,Err:508,,,,,
1001,Stempel 'betaald',Bureelmateriaal,11,2,,- € ,- € ,- € ,- € ,,Err:508,,,,,
1002,Stempelkussen blauwe inkt,Bureelmateriaal,11,3,,- € ,- € ,- € ,- € ,,Err:508,,,,,
1003,Stempel 'jeugdraad',Bureelmateriaal,11,3,enkel voor jeugdraadwerkgroepen,- € ,- € ,- € ,- € ,,Err:508,,,,,
1004,Datumstempel,Bureelmateriaal,11,0,,- € ,- € ,- € ,- € ,,Err:508,,,,,
1005,Stempelinkt blauw,Bureelmateriaal,11,2,,,,,,,Err:508,,,,,
1006,Stempelinkt UV,Bureelmateriaal,11,4,,,,,,,Err:508,,,,,
1007,Stempelinkt zwart,Bureelmateriaal,11,2,,,,,,,Err:508,,,,,
1008,Stempelinkt rood,Bureelmateriaal,11,2,,,,,,,Err:508,,,,,
1009,Stempelkussen UV inkt,Bureelmateriaal,11,5,,,,,,,Err:508,,,,,
1010,Stempelkussen zwarte inkt,Bureelmateriaal,11,1,,,,,,,Err:508,,,,,
1011,Stempelkussen rode inkt,Bureelmateriaal,11,2,,,,,,,Err:508,,,,,
1012,Plakband - doorzichtig groot smal,Allerlei,16,100,enkel voor jeugdraadwerkgroepen,,,,,,Err:508,,,,,
1013,Plakband - doorzichtig groot breed,Allerlei,16,0,enkel voor jeugdraadwerkgroepen,,,,,,Err:508,,,,,
1014,Plakband - doorzichtig klein,Allerlei,16,10,enkel voor jeugdraadwerkgroepen,,,,,,Err:508,,,,,
1015,Plakband - ducktape,Allerlei,16,1,enkel voor jeugdraadwerkgroepen,,,,,,Err:508,,,,,
1016,Plakband - elektriciteit smal,Allerlei,16,15,enkel voor jeugdraadwerkgroepen,,,,,,Err:508,,,,,
1017,Plakband - elektriciteit breed,Allerlei,16,5,enkel voor jeugdraadwerkgroepen,,,,,,Err:508,,,,,
1018,Plakband - Fluo,Allerlei,16,3,enkel voor jeugdraadwerkgroepen,,,,,,Err:508,,,,,
1019,Plakband - Gaffa,Allerlei,16,26,enkel voor jeugdraadwerkgroepen,,,,,,Err:508,,,,,
1020,Plakband - papier groot breed,Allerlei,16,1,enkel voor jeugdraadwerkgroepen,,,,,,Err:508,,,,,
1021,Plakband - papier groot smal,Allerlei,16,15,enkel voor jeugdraadwerkgroepen,- € ,- € ,- € ,- € ,,Err:508,,,,,
1022,Plakband - bruin breed,Allerlei,16,37,enkel voor jeugdraadwerkgroepen,,,,,,Err:508,,,,,
1023,Plakker toestel,Allerlei,16,1,enkel voor jeugdraadwerkgroepen,,,,,,Err:508,,,,,
1024,Plakband houders,Allerlei,16,1,enkel voor jeugdraadwerkgroepen,,,,,,Err:508,,,,,
1025,Polybag sealer,Allerlei,16,1,enkel voor jeugdraadwerkgroepen,,,,,,Err:508,,,,,
1026,Polybag plakkers,Allerlei,16,11,enkel voor jeugdraadwerkgroepen,,,,,,Err:508,,,,,
1027,Bonnetjes - Rol enkel,Allerlei,16,3,enkel voor jeugdraadwerkgroepen,- € ,- € ,- € ,- € ,,Err:508,,,,,
1028,Bonnetjes - dubbele bonnetjes,Allerlei,16,7,enkel voor jeugdraadwerkgroepen,- € ,- € ,- € ,- € ,,Err:508,,,,,
1029,Bonnetjes - Bacardi,Allerlei,16,2000,enkel voor jeugdraadwerkgroepen,- € ,- € ,- € ,- € ,,Err:508,,,,,
1030,Ontvangstboekje,Bureelmateriaal,11,4,enkel voor jeugdraadwerkgroepen,- € ,- € ,- € ,- € ,,Err:508,,,,,
1100,Bahut Bakfrigo,Elektrischmateriaal,4,3,,,,10.00 € ,420.00 € ,,Err:508,,,,,
1101,Aperitieftafel hoog,Allerlei,16,10,"Hoogte 1,2m",,,5.00 € ,,,Err:508,,,,,
1103,Barstoel,Allerlei,16,6,,,,,,,Err:508,,,,,
1104,Noodverlichting,Elektrischmateriaal,4,10,,- € ,- € ,- € ,- € ,,Err:508,,,,,
1105,Diepvries,Allerlei,16,1,,,,,,,Err:508,,,,,
1106,Klaptafels,Kampeermateriaal,9,2,,,,,,,Err:508,,,,,
1107,Aperitieftafel laag,Allerlei,16,6,Hoogte 1m,,,,,,Err:508,,,,,
1108,Wastafel,Allerlei,16,2,,,,,,,Err:508,,,,,
1109,Boiler op propaangas,Kampeermateriaal,9,1,Grote gasfles,,,,,,Err:508,,,,,
1110,Thalassa lichten,Allerlei,16,4,Met balast,,,,,,Err:508,,,,,
1111,Oven,Allerlei,16,3,,,,,,,Err:508,,,,,
1112,Circustent - Gele spanriemen,Kampeermateriaal,9,20,,,,,,,Err:508,,,,,
1113,Circustent - Blauwe smalle spanriemen,Kampeermateriaal,9,3,,,,,,,Err:508,,,,,
1114,Circustent - Blauwe brede spanriemen,Kampeermateriaal,9,5,,,,,,,Err:508,,,,,
1115,Circustent - Gele spanners,Kampeermateriaal,9,20,,,,,,,Err:508,,,,,
1116,Circustent - Blauwe smalle spanners,Kampeermateriaal,9,5,,,,,,,Err:508,,,,,
1117,Circustent - Blauwe brede spanners,Kampeermateriaal,9,4,,,,,,,Err:508,,,,,
1118,Circustent - piketten,Kampeermateriaal,9,42,,,,,,,Err:508,,,,,
1119,Circustent - Oranje spanriemen,Kampeermateriaal,9,4,,- € ,- € ,- € ,- € ,,Err:508,,,,,
1120,Circustent - Oranje spanners,Kampeermateriaal,9,3,,,,,,,Err:508,,,,,
1121,Statief voor citerne,Kampeermateriaal,9,1,,,,,,,Err:508,,,,,
1122,Frituur op gas + schepnet + thermometer,Allerlei,16,1,"3 potten, heeft nood aan Grote gasfles",,,,,,Err:508,,,,,
1123,Thalassa licht beugel,Allerlei,16,1,,,,,,,,,,,,
1124,Circustent - Zwarte spanriem met spanner,Kampeermateriaal,9,1,,,,,,,,,,,,
1200,Rode loper,Allerlei,16,2,,- € ,- € ,- € ,- € ,,Err:508,,,,,
1201,Jeton emmer,Allerlei,16,9,,- € ,- € ,- € ,- € ,,Err:508,,,,,
1202,Jeton emmer - dekstel,Allerlei,16,10,,- € ,- € ,- € ,- € ,,Err:508,,,,,
1203,Jeton emmer - buis,Allerlei,16,9,,,,,,,Err:508,,,,,
1204,Scheurdoek,Allerlei,16,3,,- € ,- € ,- € ,- € ,,Err:508,,,,,
1205,Zwarte Loper,Allerlei,16,2,,,,,,,Err:508,,,,,
1206,Doorzichtige plastiek - rol,Allerlei,16,1,,,,,,,Err:508,,,,,
1207,Bekerdrager (6),Allerlei,16,140,,,,,,,Err:508,,,,,
1208,Kleerhangers,Allerlei,16,150,,,,,,,Err:508,,,,,
1209,Herasbeschermers,Allerlei,16,17,,,,,,,Err:508,,,,,
1210,Looplatten,Sportmateriaal,8,32,,,,,,,Err:508,,,,,
1211,Kampeerstoel,Kampeermateriaal,9,3,,,,,,,Err:508,,,,,
1212,Tuinstoel,Kampeermateriaal,9,8,,,,,,,Err:508,,,,,
1213,Tuinstoel kussen,Kampeermateriaal,9,8,,- € ,- € ,- € ,- € ,,Err:508,,,,,
1214,Tuintafel,Kampeermateriaal,9,7,,,,,,,Err:508,,,,,
1215,Parasol,Kampeermateriaal,9,10,,,,,,,Err:508,,,,,
1216,Alu uitschuifbare vlaggenmast,Allerlei,16,10,,- € ,- € ,- € ,- € ,,Err:508,,,,,
1217,Alu uitschuifbare vlaggenmast - voet,Allerlei,16,10,,,,,,,Err:508,,,,,
1218,Alu uitschuifbare vlaggenmast - gewicht,Allerlei,16,7,,- € ,- € ,- € ,- € ,,Err:508,,,,,
1219,Plastiek bekers (per 100) - Bier,Allerlei,16,17000,enkel voor jeugdraadwerkgroepen,,,,,,Err:508,,,,,
1220,Kartonnen bekers (per 100) - Cola,Allerlei,16,2200,enkel voor jeugdraadwerkgroepen,- € ,- € ,- € ,420.00 € ,,Err:508,,,,,
1221,Plastiek bekers (per 100) - Neutraal,Allerlei,16,3000,enkel voor jeugdraadwerkgroepen,,,,,,Err:508,,,,,
1222,Plastiek bekers (per 100) - Duvel,Allerlei,16,500,enkel voor jeugdraadwerkgroepen,,,,,,Err:508,,,,,
1223,Plastiek bekers (per 100) - Eristoff,Allerlei,16,1000,enkel voor jeugdraadwerkgroepen,,,,,,Err:508,,,,,
1224,Plastiek bekers (per 20) - Champagne,Allerlei,16,0,enkel voor jeugdraadwerkgroepen,,,,,,Err:508,,,,,
1225,Plastiek bekers (per 100) - Neutraal (10 cl),Allerlei,16,0,enkel voor jeugdraadwerkgroepen,,,,,,Err:508,,,,,
1226,Plastiek bekers (per 100) - Neutraal (5 cl),Allerlei,16,1400,enkel voor jeugdraadwerkgroepen,,,,,,Err:508,,,,,
1227,Isomo bekers (per 100),Allerlei,16,0,enkel voor jeugdraadwerkgroepen,,,,,,Err:508,,,,,
1228,Bidons / Jerrycans,Allerlei,16,41,,,,,,,Err:508,,,,,
1229,Nadar bar elementen,Allerlei,16,13,,,,,,,Err:508,,,,,
1230,Microgolf,Kookmateriaal,1,1,,,,,,,Err:508,,,,,
1231,Oven (tafel model),Kookmateriaal,1,1,,,,,,,Err:508,,,,,
1232,Kippengaas,Allerlei,16,1.5,,,,,,,Err:508,,,,,
1233,Ventilator,Allerlei,16,1,,,,,,,Err:508,,,,,
1234,Bachen (zwart/wit),Allerlei,16,3,,,,,,,Err:508,,,,,
1238,Paintball - Afschermnet,Paintball materiaal,12,1,,,,,,,,,,,,
1300,Window cooler,Elektrischmateriaal,4,4,,,,10.00 € ,420.00 € ,,Err:508,,,,,
1301,Curverbox groot,Allerlei,16,5,,- € ,- € ,- € ,- € ,,Err:508,,,,,
1302,Curverbox groot Deksel,Allerlei,16,5,,- € ,- € ,- € ,- € ,,Err:508,,,,,
1303,Curverbox klein,Allerlei,16,2,,- € ,- € ,- € ,- € ,,Err:508,,,,,
1304,Curverbox klein Deksel,Allerlei,16,4,,- € ,- € ,- € ,- € ,,Err:508,,,,,
1305,Gasfles klein,Kampeermateriaal,9,4,,10.00 € ,10.00 € ,10.00 € ,150.00 € ,,Err:508,,,,,
1306,Gasfles groot,Kampeermateriaal,9,9,,10.00 € ,10.00 € ,10.00 € ,150.00 € ,,Err:508,,,,,
1307,Bosch radio - CD,Elektrischmateriaal,4,4,,,,10.00 € ,180.00 € ,,Err:508,,,,,
1308,Broodmanden,Allerlei,16,0,,- € ,- € ,- € ,- € ,,Err:508,,,,,
1309,EHBO tas,Allerlei,16,1,,,,,,,Err:508,,,,,
1310,Plooibak,Allerlei,16,1,,,,,,,Err:508,,,,,
1311,Keukenhanddoeken,Kookmateriaal,1,30,enkel voor jeugdraadwerkgroepen,- € ,- € ,- € ,- € ,,Err:508,,,,,
1312,Kniptang,Gereedschap,10,28,,- € ,- € ,- € ,- € ,,Err:508,,,,,
1313,Ladder,Allerlei,16,2,enkel voor jeugdraadwerkgroepen,- € ,- € ,- € ,- € ,,Err:508,,,,,
1314,Trekker groot,Kuismateriaal,7,7,,- € ,- € ,- € ,- € ,,Err:508,,,,,
1315,Veegborstel groot,Kuismateriaal,7,4,,- € ,- € ,- € ,- € ,,Err:508,,,,,
1316,Veegborstel klein,Kuismateriaal,7,1,,- € ,- € ,- € ,- € ,,Err:508,,,,,
1317,Veegborstel schuur,Kuismateriaal,7,2,,,,,,,Err:508,,,,,
1318,Bezem,Kuismateriaal,7,2,,,,,,,Err:508,,,,,
1319,Zandschop,Allerlei,16,3,,,,,,,Err:508,,,,,
1320,Spade,Allerlei,16,0,,,,,,,Err:508,,,,,
1322,Trekker klein,Kuismateriaal,7,2,,,,,,,Err:508,,,,,
1323,Materiaalbak,Gereedschap,10,1,enkel voor jeugdraadwerkgroepen,,,,,,Err:508,,,,,
1324,Boormachine,Gereedschap,10,1,enkel voor jeugdraadwerkgroepen,,,,,,,,,,,
1325,Schraag tafel,Allerlei,16,1,,,,,,,,,,,,
1326,Schragen voor Schraag tafel,Allerlei,16,2,,,,,,,,,,,,
1327,Sneeuwschop,Kuismateriaal,7,2,,,,,,,,,,,,
1400,Aanhangwagen,Allerlei,16,1,enkel voor jeugdraadwerkgroepen,- € ,- € ,- € ,- € ,,Err:508,,,,,
1401,Citerne 1000L voor drinkwater,Kampeermateriaal,9,2,,- € ,1.00 € ,2.50 € ,150.00 € ,,Err:508,,,,,
1402,Aanhangwagen wielstop,Allerlei,16,1,enkel voor jeugdraadwerkgroepen,- € ,- € ,- € ,- € ,,Err:508,,,,,
1403,Aanhangwagen oprijplaten,Allerlei,16,2,enkel voor jeugdraadwerkgroepen,- € ,- € ,- € ,- € ,,Err:508,,,,,
1404,Olievaten,Allerlei,16,22,,,,,,,Err:508,,,,,
1405,Autobanden,Allerlei,16,40,,,,,,,Err:508,,,,,
1406,Planken Wim,Allerlei,16,40,,,,,,,Err:508,,,,,
1407,Palleten,Allerlei,16,13,,,,,,,Err:508,,,,,
1408,Olievaten plastiek,Allerlei,16,7,,,,,,,Err:508,,,,,
1500,Warmte paddestoelen op gas,Allerlei,16,2,,- € ,- € ,- € ,- € ,,Err:508,,,,,
1501,Vuurkorf,Allerlei,16,5,,- € ,- € ,- € ,- € ,,Err:508,,,,,
1502,Circustent - 10 x 15 meter,Kampeermateriaal,9,3,,- € ,- € ,- € ,"2,500.00 € ",,Err:508,,,,,
1503,Circustent - palen (klein),Kampeermateriaal,9,28,,,,,,,Err:508,,,,,
1504,Circustent - piketten,Kampeermateriaal,9,45,,,,,,,Err:508,,,,,
1505,Circustent - palen (groot),Kampeermateriaal,9,2,,,,,,,Err:508,,,,,
1506,Circustent - nok balk,Kampeermateriaal,9,1,,,,,,,Err:508,,,,,
1507,Circustent - spanriemen,Kampeermateriaal,9,0,,,,,,,Err:508,,,,,
1508,Circustent - vloer,Kampeermateriaal,9,20,,,,,,,Err:508,,,,,
1510,Shelter - zeil,Shelter,14,1,enkel voor jeugdraadwerkgroepen,- € ,- € ,- € ,- € ,,Err:508,,,,,
1511,Shelter - palen,Shelter,14,13,enkel voor jeugdraadwerkgroepen,,,,,,Err:508,,,,,
1512,Shelter - piketten,Shelter,14,15,enkel voor jeugdraadwerkgroepen,,,,,,Err:508,,,,,
1513,Shelter - spankoorden (3 touwen en 4 musketons),Shelter,14,8,enkel voor jeugdraadwerkgroepen,,,,,,Err:508,,,,,
1514,Shelter - spankoorden (lang met musketon),Shelter,14,4,enkel voor jeugdraadwerkgroepen,,,,,,Err:508,,,,,
1515,Shelter - spankoorden (lang),Shelter,14,12,enkel voor jeugdraadwerkgroepen,,,,,,Err:508,,,,,
1516,Shelter - spankoorden (kort met musketon),Shelter,14,6,enkel voor jeugdraadwerkgroepen,,,,,,Err:508,,,,,
1517,Shelter - spankoorden (kort),Shelter,14,2,enkel voor jeugdraadwerkgroepen,,,,,,Err:508,,,,,
1518,Verkooptafels met ledarmatuur,Allerlei,16,2,,- € ,2.50 € ,5.00 € ,- € ,,Err:508,,,,,
1519,Vestaire planken,Allerlei,16,120,,- € ,1.00 € ,2.50 € ,200.00 € ,,Err:508,,,,,
1520,Vissers touw,Allerlei,16,2,,- € ,- € ,- € ,- € ,,Err:508,,,,,
1521,Zeepkist - Go cart,Zeepkist materiaal,13,1,,- € ,,,,,Err:508,,,,,
1522,Zeepkist - Jump,Zeepkist materiaal,13,2,,- € ,,,,,Err:508,,,,,
1523,Zeepkist - Jump oprijplaat,Zeepkist materiaal,13,2,,,,,,,Err:508,,,,,
1524,Dagklappers,Allerlei,16,28,,- € ,- € ,- € ,- € ,,Err:508,,,,,
1525,Riet,Allerlei,16,5,enkel voor jeugdraadwerkgroepen,,,,,,Err:508,,,,,
1526,Houten palen,Allerlei,16,36,,- € ,- € ,- € ,- € ,,Err:508,,,,,
,,,#N/A,,,,,,,,Err:508,,,,,
,,,#N/A,,,,,,,,Err:508,,,,,
,,,#N/A,,,,,,,,Err:508,,,,,
,,,#N/A,,,,,,,,Err:508,,,,,
,,,#N/A,,,,,,,,Err:508,,,,,
,,,#N/A,,,,,,,,Err:508,,,,,
,,,#N/A,,,,,,,,Err:508,,,,,
,,,#N/A,,,,,,,,Err:508,,,,,
,,,#N/A,,,,,,,,Err:508,,,,,
,,,#N/A,,,,,,,,Err:508,,,,,
,,,#N/A,,,,,,,,Err:508,,,,,
,,,#N/A,,,,,,,,Err:508,,,,,
,,,#N/A,,,,,,,,Err:508,,,,,
,,,#N/A,,,,,,,,Err:508,,,,,
,,,#N/A,,,,,,,,Err:508,,,,,
,,,#N/A,,,,,,,,Err:508,,,,,
,,,#N/A,,,,,,,,Err:508,,,,,
,,,#N/A,,,,,,,,Err:508,,,,,
,,,#N/A,,,,,,,,Err:508,,,,,
,,,#N/A,,,,,,,,Err:508,,,,,
,,,#N/A,,,,,,,,Err:508,,,,,
,,,#N/A,,,,,,,,Err:508,,,,,
,,,#N/A,,,,,,,,Err:508,,,,,
,,,#N/A,,,,,,,,Err:508,,,,,
,,,#N/A,,,,,,,,Err:508,,,,,
,,,#N/A,,,,,,,,Err:508,,,,,
,,,#N/A,,,,,,,,Err:508,,,,,
,,,#N/A,,,,,,,,Err:508,,,,,
,,,#N/A,,,,,,,,Err:508,,,,,
,,,#N/A,,,,,,,,Err:508,,,,,
,,,#N/A,,,,,,,,Err:508,,,,,
,,,#N/A,,,,,,,,Err:508,,,,,
,,,#N/A,,,,,,,,Err:508,,,,,
,,,#N/A,,,,,,,,Err:508,,,,,
,,,#N/A,,,,,,,,Err:508,,,,,
,,,#N/A,,,,,,,,Err:508,,,,,
,,,#N/A,,,,,,,,Err:508,,,,,
,,,#N/A,,,,,,,,Err:508,,,,,
